"행정구역(서울)(1)",행정구역(서울)(2),행정구역(서울)(3),2023,2023,2023,2023,2023,2023,2023,2023,2023,2023,2023,2023
"행정구역(서울)(1)",행정구역(서울)(2),행정구역(서울)(3),합계,합계,합계,합계,합계,합계,합계,합계,합계,합계,합계,합계
"행정구역(서울)(1)",행정구역(서울)(2),행정구역(서울)(3),소계,소계,소계,등록시장,등록시장,등록시장,인정시장,인정시장,인정시장,상점가,상점가,상점가
"행정구역(서울)(1)",행정구역(서울)(2),행정구역(서울)(3),개소,점포수 (개소),판매면적 (㎡),개소,점포수 (개소),판매면적 (㎡),개소,점포수 (개소),판매면적 (㎡),개소,점포수 (개소),판매면적 (㎡)
"서울특별시",소계,소계,354,56243,2272148,122,25639,617296,120,15461,813780,112,15143,841072
"서울특별시",종로구,소계,23,8338,140389,8,5821,47194,6,367,8942,9,2150,84253
"서울특별시",종로구,사직동,1,104,5280,-,-,-,-,-,-,1,104,5280
"서울특별시",종로구,삼청동,1,82,2869,-,-,-,-,-,-,1,82,2869
"서울특별시",종로구,부암동,-,-,-,-,-,-,-,-,-,-,-,-
"서울특별시",종로구,평창동,-,-,-,-,-,-,-,-,-,-,-,-
"서울특별시",종로구,무악동,-,-,-,-,-,-,-,-,-,-,-,-
"서울특별시",종로구,교남동,-,-,-,-,-,-,-,-,-,-,-,-
"서울특별시",종로구,가회동,-,-,-,-,-,-,-,-,-,-,-,-
"서울특별시",종로구,종로1.2.3.4가동,5,2282,72532,2,875,17683,1,102,1056,2,1305,53793
"서울특별시",종로구,종로5.6가동,10,5138,39120,4,4669,24972,4,193,5686,2,276,8462
"서울특별시",종로구,이화동,-,-,-,-,-,-,-,-,-,-,-,-
"서울특별시",종로구,창신1동,3,384,11595,1,136,3226,-,-,-,2,248,8369
"서울특별시",종로구,창신2동,-,-,-,-,-,-,-,-,-,-,-,-
"서울특별시",종로구,창신3동,-,-,-,-,-,-,-,-,-,-,-,-
"서울특별시",종로구,숭인1동,-,-,-,-,-,-,-,-,-,-,-,-
"서울특별시",종로구,숭인2동,2,276,6793,1,141,1313,-,-,-,1,135,5480
"서울특별시",종로구,청운효자동,1,72,2200,-,-,-,1,72,2200,-,-,-
"서울특별시",종로구,혜화동,-,-,-,-,-,-,-,-,-,-,-,-
"서울특별시",중구,소계,40,19514,399216,15,13341,214859,18,4310,72300,7,1863,112057
"서울특별시",중구,소공동,2,203,3985,-,-,-,2,203,3985,-,-,-
"서울특별시",중구,회현동,6,5528,84223,3,5051,71661,3,477,12562,-,-,-
"서울특별시",중구,명동,3,197,4717,-,-,-,2,131,3769,1,66,948
"서울특별시",중구,필동,-,-,-,-,-,-,-,-,-,-,-,-
"서울특별시",중구,장충동,-,-,-,-,-,-,-,-,-,-,-,-
"서울특별시",중구,광희동,7,3344,72343,4,2923,61645,2,326,7827,1,95,2871
"서울특별시",중구,을지로동,7,2602,120288,2,901,34713,2,219,4756,3,1482,80819
"서울특별시",중구,신당5동,1,80,3740,-,-,-,-,-,-,1,80,3740
"서울특별시",중구,황학동,4,557,43523,1,209,14330,2,208,5514,1,140,23679
"서울특별시",중구,중림동,-,-,-,-,-,-,-,-,-,-,-,-
"서울특별시",중구,신당동,9,6967,62725,5,4257,32510,4,2710,30215,-,-,-
"서울특별시",중구,다산동,-,-,-,-,-,-,-,-,-,-,-,-
"서울특별시",중구,약수동,1,36,3672,-,-,-,1,36,3672,-,-,-
"서울특별시",중구,청구동,-,-,-,-,-,-,-,-,-,-,-,-
"서울특별시",중구,동화동,-,-,-,-,-,-,-,-,-,-,-,-
"서울특별시",용산구,소계,8,577,37835,3,112,15518,4,366,17031,1,99,5286
"서울특별시",용산구,후암동,1,42,1141,-,-,-,1,42,1141,-,-,-
"서울특별시",용산구,용산2가동,1,64,1521,-,-,-,1,64,1521,-,-,-
"서울특별시",용산구,남영동,-,-,-,-,-,-,-,-,-,-,-,-
"서울특별시",용산구,원효로2동,-,-,-,-,-,-,-,-,-,-,-,-
"서울특별시",용산구,효창동,-,-,-,-,-,-,-,-,-,-,-,-
"서울특별시",용산구,용문동,1,153,9247,-,-,-,1,153,9247,-,-,-
"서울특별시",용산구,이촌1동,2,206,10408,-,-,-,1,107,5122,1,99,5286
"서울특별시",용산구,이촌2동,-,-,-,-,-,-,-,-,-,-,-,-
"서울특별시",용산구,이태원1동,1,69,4484,1,69,4484,-,-,-,-,-,-
"서울특별시",용산구,이태원2동,-,-,-,-,-,-,-,-,-,-,-,-
"서울특별시",용산구,서빙고동,-,-,-,-,-,-,-,-,-,-,-,-
"서울특별시",용산구,보광동,1,10,3352,1,10,3352,-,-,-,-,-,-
"서울특별시",용산구,청파동,1,33,7682,1,33,7682,-,-,-,-,-,-
"서울특별시",용산구,원효로1동,-,-,-,-,-,-,-,-,-,-,-,-
"서울특별시",용산구,한강로동,-,-,-,-,-,-,-,-,-,-,-,-
"서울특별시",용산구,한남동,-,-,-,-,-,-,-,-,-,-,-,-
"서울특별시",성동구,소계,13,2128,74627,2,157,4017,2,1013,25837,9,958,44773
"서울특별시",성동구,왕십리2동,1,129,4241,-,-,-,-,-,-,1,129,4241
"서울특별시",성동구,마장동,1,841,16401,-,-,-,1,841,16401,-,-,-
"서울특별시",성동구,사근동,2,122,9398,-,-,-,-,-,-,2,122,9398
"서울특별시",성동구,행당1동,1,93,4180,-,-,-,-,-,-,1,93,4180
"서울특별시",성동구,행당2동,-,-,-,-,-,-,-,-,-,-,-,-
"서울특별시",성동구,응봉동,-,-,-,-,-,-,-,-,-,-,-,-
"서울특별시",성동구,금호1가동,-,-,-,-,-,-,-,-,-,-,-,-
"서울특별시",성동구,금호4가동,-,-,-,-,-,-,-,-,-,-,-,-
"서울특별시",성동구,성수1가1동,1,75,3576,-,-,-,-,-,-,1,75,3576
"서울특별시",성동구,성수1가2동,-,-,-,-,-,-,-,-,-,-,-,-
"서울특별시",성동구,성수2가1동,1,50,2861,1,50,2861,-,-,-,-,-,-
"서울특별시",성동구,성수2가3동,1,152,7596,-,-,-,-,-,-,1,152,7596
"서울특별시",성동구,송정동,1,138,5554,-,-,-,-,-,-,1,138,5554
"서울특별시",성동구,용답동,1,172,9436,-,-,-,1,172,9436,-,-,-
"서울특별시",성동구,왕십리도선동,1,137,5862,-,-,-,-,-,-,1,137,5862
"서울특별시",성동구,금호2.3가동,2,219,5522,1,107,1156,-,-,-,1,112,4366
"서울특별시",성동구,옥수동,-,-,-,-,-,-,-,-,-,-,-,-
"서울특별시",광진구,소계,14,712,103038,7,141,30639,6,526,70297,1,45,2102
"서울특별시",광진구,화양동,2,104,23497,1,29,12216,1,75,11281,-,-,-
"서울특별시",광진구,군자동,-,-,-,-,-,-,-,-,-,-,-,-
"서울특별시",광진구,중곡1동,3,165,19026,2,30,4342,1,135,14684,-,-,-
"서울특별시",광진구,중곡2동,-,-,-,-,-,-,-,-,-,-,-,-
"서울특별시",광진구,중곡3동,1,45,2102,-,-,-,-,-,-,1,45,2102
"서울특별시",광진구,중곡4동,1,21,1204,1,21,1204,-,-,-,-,-,-
"서울특별시",광진구,능동,-,-,-,-,-,-,-,-,-,-,-,-
"서울특별시",광진구,구의1동,-,-,-,-,-,-,-,-,-,-,-,-
"서울특별시",광진구,구의2동,-,-,-,-,-,-,-,-,-,-,-,-
"서울특별시",광진구,구의3동,-,-,-,-,-,-,-,-,-,-,-,-
"서울특별시",광진구,광장동,-,-,-,-,-,-,-,-,-,-,-,-
"서울특별시",광진구,자양1동,1,135,16400,-,-,-,1,135,16400,-,-,-
"서울특별시",광진구,자양2동,1,7,4716,1,7,4716,-,-,-,-,-,-
"서울특별시",광진구,자양3동,-,-,-,-,-,-,-,-,-,-,-,-
"서울특별시",광진구,자양4동,5,235,36093,2,54,8161,3,181,27932,-,-,-
"서울특별시",동대문,소계,20,2937,186116,8,990,29265,12,1947,156851,-,-,-
"서울특별시",동대문,회기동,1,64,2767,-,-,-,1,64,2767,-,-,-
"서울특별시",동대문,휘경1동,1,78,2178,1,78,2178,-,-,-,-,-,-
"서울특별시",동대문,휘경2동,-,-,-,-,-,-,-,-,-,-,-,-
"서울특별시",동대문,청량리동,1,64,1466,-,-,-,1,64,1466,-,-,-
"서울특별시",동대문,용신동,2,128,3556,1,11,1250,1,117,2306,-,-,-
"서울특별시",동대문,제기동,8,2205,158469,2,754,17354,6,1451,141115,-,-,-
"서울특별시",동대문,전농1동,1,77,4244,1,77,4244,-,-,-,-,-,-
"서울특별시",동대문,전농2동,-,-,-,-,-,-,-,-,-,-,-,-
"서울특별시",동대문,답십리2동,2,137,4585,-,-,-,2,137,4585,-,-,-
"서울특별시",동대문,장안1동,-,-,-,-,-,-,-,-,-,-,-,-
"서울특별시",동대문,장안2동,1,15,809,1,15,809,-,-,-,-,-,-
"서울특별시",동대문,이문1동,-,-,-,-,-,-,-,-,-,-,-,-
"서울특별시",동대문,이문2동,1,23,1774,1,23,1774,-,-,-,-,-,-
"서울특별시",동대문,답십리1동,2,146,6268,1,32,1656,1,114,4612,-,-,-
"서울특별시",중랑구,소계,13,1207,60454,6,475,24633,6,645,30858,1,87,4963
"서울특별시",중랑구,면목2동,-,-,-,-,-,-,-,-,-,-,-,-
"서울특별시",중랑구,면목4동,-,-,-,-,-,-,-,-,-,-,-,-
"서울특별시",중랑구,면목5동,-,-,-,-,-,-,-,-,-,-,-,-
"서울특별시",중랑구,면목7동,2,114,8242,1,22,3977,1,92,4265,-,-,-
"서울특별시",중랑구,상봉1동,-,-,-,-,-,-,-,-,-,-,-,-
"서울특별시",중랑구,상봉2동,2,194,7953,1,69,2754,1,125,5199,-,-,-
"서울특별시",중랑구,중화1동,-,-,-,-,-,-,-,-,-,-,-,-
"서울특별시",중랑구,중화2동,1,43,3286,1,43,3286,-,-,-,-,-,-
"서울특별시",중랑구,묵1동,-,-,-,-,-,-,-,-,-,-,-,-
"서울특별시",중랑구,묵2동,1,56,1952,-,-,-,1,56,1952,-,-,-
"서울특별시",중랑구,망우3동,-,-,-,-,-,-,-,-,-,-,-,-
"서울특별시",중랑구,신내1동,1,72,4137,1,72,4137,-,-,-,-,-,-
"서울특별시",중랑구,신내2동,1,255,8891,1,255,8891,-,-,-,-,-,-
"서울특별시",중랑구,면목본동,3,224,11750,1,14,1588,1,123,5199,1,87,4963
"서울특별시",중랑구,면목3.8동,1,126,5807,-,-,-,1,126,5807,-,-,-
"서울특별시",중랑구,망우본동,1,123,8436,-,-,-,1,123,8436,-,-,-
"서울특별시",성북구,소계,14,1307,87798,1,12,1992,6,510,37743,7,785,48063
"서울특별시",성북구,돈암1동,-,-,-,-,-,-,-,-,-,-,-,-
"서울특별시",성북구,돈암2동,-,-,-,-,-,-,-,-,-,-,-,-
"서울특별시",성북구,안암동,-,-,-,-,-,-,-,-,-,-,-,-
"서울특별시",성북구,보문동,-,-,-,-,-,-,-,-,-,-,-,-
"서울특별시",성북구,정능1동,-,-,-,-,-,-,-,-,-,-,-,-
"서울특별시",성북구,정능2동,1,54,2049,-,-,-,1,54,2049,-,-,-
"서울특별시",성북구,정능3동,2,178,13686,-,-,-,1,114,9954,1,64,3732
"서울특별시",성북구,정능4동,1,75,4952,-,-,-,-,-,-,1,75,4952
"서울특별시",성북구,길음1동,1,88,6340,-,-,-,1,88,6340,-,-,-
"서울특별시",성북구,길음2동,-,-,-,-,-,-,-,-,-,-,-,-
"서울특별시",성북구,월곡1동,-,-,-,-,-,-,-,-,-,-,-,-
"서울특별시",성북구,월곡2동,1,168,10408,-,-,-,-,-,-,1,168,10408
"서울특별시",성북구,장위1동,1,66,2615,-,-,-,-,-,-,1,66,2615
"서울특별시",성북구,장위2동,1,64,3597,-,-,-,1,64,3597,-,-,-
"서울특별시",성북구,장위3동,-,-,-,-,-,-,-,-,-,-,-,-
"서울특별시",성북구,성북동,-,-,-,-,-,-,-,-,-,-,-,-
"서울특별시",성북구,삼선동,2,204,14799,-,-,-,1,110,8653,1,94,6146
"서울특별시",성북구,동선동,-,-,-,-,-,-,-,-,-,-,-,-
"서울특별시",성북구,종암동,1,157,9667,-,-,-,-,-,-,1,157,9667
"서울특별시",성북구,석관동,3,253,19685,1,12,1992,1,80,7150,1,161,10543
"서울특별시",강북구,소계,16,861,50599,8,248,18262,4,357,22166,4,256,10171
"서울특별시",강북구,번1동,1,29,1959,1,29,1959,-,-,-,-,-,-
"서울특별시",강북구,번2동,-,-,-,-,-,-,-,-,-,-,-,-
"서울특별시",강북구,번3동,-,-,-,-,-,-,-,-,-,-,-,-
"서울특별시",강북구,수유1동,4,315,17757,2,121,7239,2,194,10518,-,-,-
"서울특별시",강북구,수유2동,2,92,3756,1,10,1061,-,-,-,1,82,2695
"서울특별시",강북구,수유3동,3,147,9705,1,22,2513,1,75,4620,1,50,2572
"서울특별시",강북구,삼양동,2,74,4902,1,27,2721,-,-,-,1,47,2181
"서울특별시",강북구,미아동,-,-,-,-,-,-,-,-,-,-,-,-
"서울특별시",강북구,송중동,1,77,2723,-,-,-,-,-,-,1,77,2723
"서울특별시",강북구,송천동,1,34,2748,1,34,2748,-,-,-,-,-,-
"서울특별시",강북구,삼각산동,-,-,-,-,-,-,-,-,-,-,-,-
"서울특별시",강북구,우이동,-,-,-,-,-,-,-,-,-,-,-,-
"서울특별시",강북구,인수동,2,93,7049,1,5,21,1,88,7028,-,-,-
"서울특별시",도봉구,소계,11,1113,52933,-,-,-,6,551,25209,5,562,27724
"서울특별시",도봉구,쌍문1동,1,63,2994,-,-,-,1,63,2994,-,-,-
"서울특별시",도봉구,쌍문2동,-,-,-,-,-,-,-,-,-,-,-,-
"서울특별시",도봉구,쌍문3동,2,215,10252,-,-,-,1,103,4886,1,112,5366
"서울특별시",도봉구,쌍문4동,-,-,-,-,-,-,-,-,-,-,-,-
"서울특별시",도봉구,방학1동,-,-,-,-,-,-,-,-,-,-,-,-
"서울특별시",도봉구,방학2동,1,93,3722,-,-,-,1,93,3722,-,-,-
"서울특별시",도봉구,방학3동,-,-,-,-,-,-,-,-,-,-,-,-
"서울특별시",도봉구,창1동,1,117,3666,-,-,-,-,-,-,1,117,3666
"서울특별시",도봉구,창2동,1,83,3021,-,-,-,1,83,3021,-,-,-
"서울특별시",도봉구,창3동,1,61,1812,-,-,-,1,61,1812,-,-,-
"서울특별시",도봉구,창4동,1,71,4484,-,-,-,-,-,-,1,71,4484
"서울특별시",도봉구,창5동,-,-,-,-,-,-,-,-,-,-,-,-
"서울특별시",도봉구,도봉1동,2,358,20565,-,-,-,1,148,8774,1,210,11791
"서울특별시",도봉구,도봉2동,1,52,2417,-,-,-,-,-,-,1,52,2417
"서울특별시",노원구,소계,8,677,51755,-,-,-,2,189,29032,6,488,22723
"서울특별시",노원구,월계1동,-,-,-,-,-,-,-,-,-,-,-,-
"서울특별시",노원구,월계2동,-,-,-,-,-,-,-,-,-,-,-,-
"서울특별시",노원구,월계3동,-,-,-,-,-,-,-,-,-,-,-,-
"서울특별시",노원구,공릉2동,-,-,-,-,-,-,-,-,-,-,-,-
"서울특별시",노원구,하계1동,-,-,-,-,-,-,-,-,-,-,-,-
"서울특별시",노원구,하계2동,-,-,-,-,-,-,-,-,-,-,-,-
"서울특별시",노원구,중계본동,-,-,-,-,-,-,-,-,-,-,-,-
"서울특별시",노원구,중계1동,-,-,-,-,-,-,-,-,-,-,-,-
"서울특별시",노원구,중계4동,-,-,-,-,-,-,-,-,-,-,-,-
"서울특별시",노원구,상계1동,-,-,-,-,-,-,-,-,-,-,-,-
"서울특별시",노원구,상계2동,-,-,-,-,-,-,-,-,-,-,-,-
"서울특별시",노원구,상계5동,2,226,25662,-,-,-,1,73,17861,1,153,7801
"서울특별시",노원구,상계8동,1,40,4422,-,-,-,-,-,-,1,40,4422
"서울특별시",노원구,상계9동,-,-,-,-,-,-,-,-,-,-,-,-
"서울특별시",노원구,상계10동,-,-,-,-,-,-,-,-,-,-,-,-
"서울특별시",노원구,상계3.4동,-,-,-,-,-,-,-,-,-,-,-,-
"서울특별시",노원구,상계6.7동,1,46,2500,-,-,-,-,-,-,1,46,2500
"서울특별시",노원구,중계2.3동,3,249,8000,-,-,-,-,-,-,3,249,8000
"서울특별시",노원구,공릉1동,1,116,11171,-,-,-,1,116,11171,-,-,-
"서울특별시",은평구,소계,13,812,49524,7,258,12330,3,208,9098,3,346,28096
"서울특별시",은평구,녹번동,-,-,-,-,-,-,-,-,-,-,-,-
"서울특별시",은평구,불광1동,1,69,9102,-,-,-,-,-,-,1,69,9102
"서울특별시",은평구,갈현1동,1,190,16394,-,-,-,-,-,-,1,190,16394
"서울특별시",은평구,갈현2동,-,-,-,-,-,-,-,-,-,-,-,-
"서울특별시",은평구,구산동,-,-,-,-,-,-,-,-,-,-,-,-
"서울특별시",은평구,대조동,2,148,6462,1,52,1336,1,96,5126,-,-,-
"서울특별시",은평구,응암1동,-,-,-,-,-,-,-,-,-,-,-,-
"서울특별시",은평구,응암2동,2,38,3960,1,-,1688,1,38,2272,-,-,-
"서울특별시",은평구,신사1동,-,-,-,-,-,-,-,-,-,-,-,-
"서울특별시",은평구,신사2동,-,-,-,-,-,-,-,-,-,-,-,-
"서울특별시",은평구,증산동,1,52,2171,1,52,2171,-,-,-,-,-,-
"서울특별시",은평구,수색동,1,-,1074,1,-,1074,-,-,-,-,-,-
"서울특별시",은평구,진관동,-,-,-,-,-,-,-,-,-,-,-,-
"서울특별시",은평구,불광2동,1,87,1594,1,87,1594,-,-,-,-,-,-
"서울특별시",은평구,응암3동,4,228,8767,2,67,4467,1,74,1700,1,87,2600
"서울특별시",은평구,역촌동,-,-,-,-,-,-,-,-,-,-,-,-
"서울특별시",서대문구,소계,14,859,64201,6,316,25128,2,134,9795,6,409,29278
"서울특별시",서대문구,천연동,1,71,2485,-,-,-,1,71,2485,-,-,-
"서울특별시",서대문구,홍제1동,-,-,-,-,-,-,-,-,-,-,-,-
"서울특별시",서대문구,홍제3동,2,171,6795,1,105,4321,-,-,-,1,66,2474
"서울특별시",서대문구,홍제2동,-,-,-,-,-,-,-,-,-,-,-,-
"서울특별시",서대문구,홍은1동,2,124,13916,1,61,6606,1,63,7310,-,-,-
"서울특별시",서대문구,홍은2동,-,-,-,-,-,-,-,-,-,-,-,-
"서울특별시",서대문구,남가좌1동,1,30,1361,1,30,1361,-,-,-,-,-,-
"서울특별시",서대문구,남가좌2동,2,86,9121,2,86,9121,-,-,-,-,-,-
"서울특별시",서대문구,북가좌1동,-,-,-,-,-,-,-,-,-,-,-,-
"서울특별시",서대문구,북가좌2동,-,-,-,-,-,-,-,-,-,-,-,-
"서울특별시",서대문구,충현동,1,34,1739,-,-,-,-,-,-,1,34,1739
"서울특별시",서대문구,북아현동,1,66,9175,-,-,-,-,-,-,1,66,9175
"서울특별시",서대문구,신촌동,3,243,15890,-,-,-,-,-,-,3,243,15890
"서울특별시",서대문구,연희동,1,34,3719,1,34,3719,-,-,-,-,-,-
"서울특별시",마포구,소계,17,1514,89548,8,372,23002,3,280,8878,6,862,57668
"서울특별시",마포구,용강동,1,108,14283,-,-,-,-,-,-,1,108,14283
"서울특별시",마포구,대흥동,-,-,-,-,-,-,-,-,-,-,-,-
"서울특별시",마포구,염리동,-,-,-,-,-,-,-,-,-,-,-,-
"서울특별시",마포구,신수동,1,-,907,1,-,907,-,-,-,-,-,-
"서울특별시",마포구,서교동,4,450,18991,2,90,5772,-,-,-,2,360,13219
"서울특별시",마포구,합정동,1,8,1109,1,8,1109,-,-,-,-,-,-
"서울특별시",마포구,망원1동,1,50,1604,-,-,-,1,50,1604,-,-,-
"서울특별시",마포구,망원2동,2,159,5901,-,-,-,1,82,2868,1,77,3033
"서울특별시",마포구,연남동,1,24,438,1,24,438,-,-,-,-,-,-
"서울특별시",마포구,성산1동,-,-,-,-,-,-,-,-,-,-,-,-
"서울특별시",마포구,성산2동,1,146,12337,1,146,12337,-,-,-,-,-,-
"서울특별시",마포구,상암동,1,175,11411,-,-,-,-,-,-,1,175,11411
"서울특별시",마포구,도화동,1,142,15722,-,-,-,-,-,-,1,142,15722
"서울특별시",마포구,서강동,-,-,-,-,-,-,-,-,-,-,-,-
"서울특별시",마포구,공덕동,2,104,2439,2,104,2439,-,-,-,-,-,-
"서울특별시",마포구,아현동,1,148,4406,-,-,-,1,148,4406,-,-,-
"서울특별시",양천구,소계,13,931,38342,3,36,5972,6,518,19224,4,377,13146
"서울특별시",양천구,목1동,-,-,-,-,-,-,-,-,-,-,-,-
"서울특별시",양천구,목2동,1,94,1350,-,-,-,1,94,1350,-,-,-
"서울특별시",양천구,목3동,1,105,5106,-,-,-,1,105,5106,-,-,-
"서울특별시",양천구,목4동,1,82,2084,-,-,-,1,82,2084,-,-,-
"서울특별시",양천구,신월1동,2,158,6113,-,-,-,1,110,4371,1,48,1742
"서울특별시",양천구,신월2동,1,64,1906,-,-,-,1,64,1906,-,-,-
"서울특별시",양천구,신월3동,1,156,2059,-,-,-,-,-,-,1,156,2059
"서울특별시",양천구,신월4동,-,-,-,-,-,-,-,-,-,-,-,-
"서울특별시",양천구,신월5동,-,-,-,-,-,-,-,-,-,-,-,-
"서울특별시",양천구,신월6동,1,6,2385,1,6,2385,-,-,-,-,-,-
"서울특별시",양천구,신월7동,1,15,2247,1,15,2247,-,-,-,-,-,-
"서울특별시",양천구,신정1동,1,15,1340,1,15,1340,-,-,-,-,-,-
"서울특별시",양천구,신정2동,2,126,7203,-,-,-,1,63,4407,1,63,2796
"서울특별시",양천구,신정3동,-,-,-,-,-,-,-,-,-,-,-,-
"서울특별시",양천구,신정6동,-,-,-,-,-,-,-,-,-,-,-,-
"서울특별시",양천구,신정7동,-,-,-,-,-,-,-,-,-,-,-,-
"서울특별시",양천구,목5동,-,-,-,-,-,-,-,-,-,-,-,-
"서울특별시",양천구,신정4동,1,110,6549,-,-,-,-,-,-,1,110,6549
"서울특별시",강서구,소계,10,670,108007,4,60,11222,6,610,96785,-,-,-
"서울특별시",강서구,염창동,-,-,-,-,-,-,-,-,-,-,-,-
"서울특별시",강서구,등촌1동,1,10,2325,1,10,2325,-,-,-,-,-,-
"서울특별시",강서구,등촌2동,-,-,-,-,-,-,-,-,-,-,-,-
"서울특별시",강서구,등촌3동,-,-,-,-,-,-,-,-,-,-,-,-
"서울특별시",강서구,화곡본동,1,52,5957,-,-,-,1,52,5957,-,-,-
"서울특별시",강서구,화곡2동,-,-,-,-,-,-,-,-,-,-,-,-
"서울특별시",강서구,화곡3동,1,30,2739,1,30,2739,-,-,-,-,-,-
"서울특별시",강서구,화곡4동,2,180,24152,1,16,2314,1,164,21838,-,-,-
"서울특별시",강서구,화곡6동,-,-,-,-,-,-,-,-,-,-,-,-
"서울특별시",강서구,화곡8동,1,139,26139,-,-,-,1,139,26139,-,-,-
"서울특별시",강서구,가양1동,-,-,-,-,-,-,-,-,-,-,-,-
"서울특별시",강서구,가양2동,-,-,-,-,-,-,-,-,-,-,-,-
"서울특별시",강서구,가양3동,-,-,-,-,-,-,-,-,-,-,-,-
"서울특별시",강서구,발산1동,1,77,26452,-,-,-,1,77,26452,-,-,-
"서울특별시",강서구,공항동,-,-,-,-,-,-,-,-,-,-,-,-
"서울특별시",강서구,방화1동,1,123,6963,-,-,-,1,123,6963,-,-,-
"서울특별시",강서구,방화2동,1,4,3844,1,4,3844,-,-,-,-,-,-
"서울특별시",강서구,방화3동,-,-,-,-,-,-,-,-,-,-,-,-
"서울특별시",강서구,화곡1동,1,55,9436,-,-,-,1,55,9436,-,-,-
"서울특별시",강서구,우장산동,-,-,-,-,-,-,-,-,-,-,-,-
"서울특별시",구로구,소계,9,741,36337,5,322,20502,3,357,12973,1,62,2862
"서울특별시",구로구,신도림동,-,-,-,-,-,-,-,-,-,-,-,-
"서울특별시",구로구,구로1동,-,-,-,-,-,-,-,-,-,-,-,-
"서울특별시",구로구,구로3동,-,-,-,-,-,-,-,-,-,-,-,-
"서울특별시",구로구,구로4동,2,376,13095,1,169,4313,1,207,8782,-,-,-
"서울특별시",구로구,구로5동,-,-,-,-,-,-,-,-,-,-,-,-
"서울특별시",구로구,고척1동,2,85,11390,1,23,8528,-,-,-,1,62,2862
"서울특별시",구로구,고척2동,2,184,4466,1,99,2571,1,85,1895,-,-,-
"서울특별시",구로구,개봉2동,1,21,1360,1,21,1360,-,-,-,-,-,-
"서울특별시",구로구,개봉3동,-,-,-,-,-,-,-,-,-,-,-,-
"서울특별시",구로구,오류1동,1,10,3730,1,10,3730,-,-,-,-,-,-
"서울특별시",구로구,수궁동,-,-,-,-,-,-,-,-,-,-,-,-
"서울특별시",구로구,가리봉동,1,65,2296,-,-,-,1,65,2296,-,-,-
"서울특별시",구로구,구로2동,-,-,-,-,-,-,-,-,-,-,-,-
"서울특별시",구로구,개봉1동,-,-,-,-,-,-,-,-,-,-,-,-
"서울특별시",구로구,오류2동,-,-,-,-,-,-,-,-,-,-,-,-
"서울특별시",구로구,항동,-,-,-,-,-,-,-,-,-,-,-,-
"서울특별시",금천구,소계,8,1090,87005,1,50,2228,3,384,25579,4,656,59198
"서울특별시",금천구,가산동,-,-,-,-,-,-,-,-,-,-,-,-
"서울특별시",금천구,독산1동,1,160,18600,-,-,-,-,-,-,1,160,18600
"서울특별시",금천구,독산2동,1,140,6814,-,-,-,-,-,-,1,140,6814
"서울특별시",금천구,독산3동,1,115,13079,-,-,-,1,115,13079,-,-,-
"서울특별시",금천구,독산4동,1,159,18021,-,-,-,-,-,-,1,159,18021
"서울특별시",금천구,시흥1동,3,457,28289,1,50,2228,1,210,10298,1,197,15763
"서울특별시",금천구,시흥2동,-,-,-,-,-,-,-,-,-,-,-,-
"서울특별시",금천구,시흥3동,-,-,-,-,-,-,-,-,-,-,-,-
"서울특별시",금천구,시흥4동,-,-,-,-,-,-,-,-,-,-,-,-
"서울특별시",금천구,시흥5동,1,59,2202,-,-,-,1,59,2202,-,-,-
"서울특별시",영등포구,소계,22,3134,140915,9,1879,65140,1,91,2096,12,1164,73679
"서울특별시",영등포구,여의동,-,-,-,-,-,-,-,-,-,-,-,-
"서울특별시",영등포구,당산1동,2,1513,70592,1,1365,50792,-,-,-,1,148,19800
"서울특별시",영등포구,당산2동,-,-,-,-,-,-,-,-,-,-,-,-
"서울특별시",영등포구,양평1동,1,-,-,1,-,-,-,-,-,-,-,-
"서울특별시",영등포구,양평2동,1,42,261,-,-,-,-,-,-,1,42,261
"서울특별시",영등포구,신길1동,1,110,1574,1,110,1574,-,-,-,-,-,-
"서울특별시",영등포구,신길3동,1,8,990,1,8,990,-,-,-,-,-,-
"서울특별시",영등포구,신길4동,-,-,-,-,-,-,-,-,-,-,-,-
"서울특별시",영등포구,신길5동,-,-,-,-,-,-,-,-,-,-,-,-
"서울특별시",영등포구,신길6동,-,-,-,-,-,-,-,-,-,-,-,-
"서울특별시",영등포구,신길7동,-,-,-,-,-,-,-,-,-,-,-,-
"서울특별시",영등포구,대림1동,1,94,2834,-,-,-,-,-,-,1,94,2834
"서울특별시",영등포구,대림2동,2,130,4615,-,-,-,1,91,2096,1,39,2519
"서울특별시",영등포구,대림3동,-,-,-,-,-,-,-,-,-,-,-,-
"서울특별시",영등포구,영등포본동,-,-,-,-,-,-,-,-,-,-,-,-
"서울특별시",영등포구,영등포동,11,1031,56971,3,190,8706,-,-,-,8,841,48265
"서울특별시",영등포구,도림동,1,2,1614,1,2,1614,-,-,-,-,-,-
"서울특별시",영등포구,문래동,1,204,1464,1,204,1464,-,-,-,-,-,-
"서울특별시",동작구,소계,9,555,52250,3,76,8481,5,398,39541,1,81,4228
"서울특별시",동작구,노량진2동,-,-,-,-,-,-,-,-,-,-,-,-
"서울특별시",동작구,상도1동,2,87,10093,1,18,2323,1,69,7770,-,-,-
"서울특별시",동작구,상도2동,-,-,-,-,-,-,-,-,-,-,-,-
"서울특별시",동작구,상도3동,2,142,11221,1,43,4112,1,99,7109,-,-,-
"서울특별시",동작구,상도4동,-,-,-,-,-,-,-,-,-,-,-,-
"서울특별시",동작구,사당1동,1,81,4228,-,-,-,-,-,-,1,81,4228
"서울특별시",동작구,사당3동,-,-,-,-,-,-,-,-,-,-,-,-
"서울특별시",동작구,사당4동,2,90,7625,1,15,2046,1,75,5579,-,-,-
"서울특별시",동작구,사당5동,-,-,-,-,-,-,-,-,-,-,-,-
"서울특별시",동작구,대방동,-,-,-,-,-,-,-,-,-,-,-,-
"서울특별시",동작구,신대방1동,-,-,-,-,-,-,-,-,-,-,-,-
"서울특별시",동작구,신대방2동,-,-,-,-,-,-,-,-,-,-,-,-
"서울특별시",동작구,흑석동,-,-,-,-,-,-,-,-,-,-,-,-
"서울특별시",동작구,노량진1동,1,20,8099,-,-,-,1,20,8099,-,-,-
"서울특별시",동작구,사당2동,1,135,10984,-,-,-,1,135,10984,-,-,-
"서울특별시",관악구,소계,26,2062,160076,11,455,34707,4,343,27038,11,1264,98331
"서울특별시",관악구,보라매동,-,-,-,-,-,-,-,-,-,-,-,-
"서울특별시",관악구,청림동,-,-,-,-,-,-,-,-,-,-,-,-
"서울특별시",관악구,행운동,2,162,10001,-,-,-,-,-,-,2,162,10001
"서울특별시",관악구,낙성대동,-,-,-,-,-,-,-,-,-,-,-,-
"서울특별시",관악구,중앙동,1,36,3406,1,36,3406,-,-,-,-,-,-
"서울특별시",관악구,인헌동,2,61,11810,1,7,2059,1,54,9751,-,-,-
"서울특별시",관악구,남현동,1,212,15702,-,-,-,-,-,-,1,212,15702
"서울특별시",관악구,서원동,1,200,17115,-,-,-,-,-,-,1,200,17115
"서울특별시",관악구,신원동,2,176,5714,1,57,2036,1,119,3678,-,-,-
"서울특별시",관악구,서림동,2,94,8210,1,43,5053,-,-,-,1,51,3157
"서울특별시",관악구,신사동,2,125,7556,1,25,3778,1,100,3778,-,-,-
"서울특별시",관악구,신림동,-,-,-,-,-,-,-,-,-,-,-,-
"서울특별시",관악구,난향동,-,-,-,-,-,-,-,-,-,-,-,-
"서울특별시",관악구,조원동,3,269,24070,1,140,6167,1,70,9831,1,59,8072
"서울특별시",관악구,대학동,1,81,-,-,-,-,-,-,-,1,81,-
"서울특별시",관악구,은천동,3,182,12852,2,68,5137,-,-,-,1,114,7715
"서울특별시",관악구,성현동,-,-,-,-,-,-,-,-,-,-,-,-
"서울특별시",관악구,청룡동,2,274,23953,1,51,3521,-,-,-,1,223,20432
"서울특별시",관악구,난곡동,2,90,8771,1,11,1824,-,-,-,1,79,6947
"서울특별시",관악구,삼성동,1,17,1726,1,17,1726,-,-,-,-,-,-
"서울특별시",관악구,미성동,1,83,9190,-,-,-,-,-,-,1,83,9190
"서울특별시",서초구,소계,6,910,31643,2,85,8500,-,-,-,4,825,23143
"서울특별시",서초구,서초1동,-,-,-,-,-,-,-,-,-,-,-,-
"서울특별시",서초구,서초2동,-,-,-,-,-,-,-,-,-,-,-,-
"서울특별시",서초구,서초3동,-,-,-,-,-,-,-,-,-,-,-,-
"서울특별시",서초구,서초4동,1,83,7044,-,-,-,-,-,-,1,83,7044
"서울특별시",서초구,잠원동,-,-,-,-,-,-,-,-,-,-,-,-
"서울특별시",서초구,반포본동,-,-,-,-,-,-,-,-,-,-,-,-
"서울특별시",서초구,반포1동,-,-,-,-,-,-,-,-,-,-,-,-
"서울특별시",서초구,반포2동,-,-,-,-,-,-,-,-,-,-,-,-
"서울특별시",서초구,반포3동,-,-,-,-,-,-,-,-,-,-,-,-
"서울특별시",서초구,반포4동,2,638,9252,-,-,-,-,-,-,2,638,9252
"서울특별시",서초구,방배본동,1,55,5975,1,55,5975,-,-,-,-,-,-
"서울특별시",서초구,방배1동,-,-,-,-,-,-,-,-,-,-,-,-
"서울특별시",서초구,방배2동,-,-,-,-,-,-,-,-,-,-,-,-
"서울특별시",서초구,방배3동,-,-,-,-,-,-,-,-,-,-,-,-
"서울특별시",서초구,방배4동,-,-,-,-,-,-,-,-,-,-,-,-
"서울특별시",서초구,양재1동,2,134,9372,1,30,2525,-,-,-,1,104,6847
"서울특별시",서초구,양재2동,-,-,-,-,-,-,-,-,-,-,-,-
"서울특별시",서초구,내곡동,-,-,-,-,-,-,-,-,-,-,-,-
"서울특별시",강남구,소계,10,1471,55753,4,369,9834,1,110,13100,5,992,32819
"서울특별시",강남구,신사동,1,70,3690,1,70,3690,-,-,-,-,-,-
"서울특별시",강남구,개포3동,-,-,-,-,-,-,-,-,-,-,-,-
"서울특별시",강남구,논현1동,1,110,13100,-,-,-,1,110,13100,-,-,-
"서울특별시",강남구,논현2동,1,40,1215,1,40,1215,-,-,-,-,-,-
"서울특별시",강남구,삼성1동,-,-,-,-,-,-,-,-,-,-,-,-
"서울특별시",강남구,삼성2동,-,-,-,-,-,-,-,-,-,-,-,-
"서울특별시",강남구,대치1동,-,-,-,-,-,-,-,-,-,-,-,-
"서울특별시",강남구,대치4동,-,-,-,-,-,-,-,-,-,-,-,-
"서울특별시",강남구,역삼1동,2,246,14107,-,-,-,-,-,-,2,246,14107
"서울특별시",강남구,역삼2동,1,60,2620,-,-,-,-,-,-,1,60,2620
"서울특별시",강남구,도곡1동,-,-,-,-,-,-,-,-,-,-,-,-
"서울특별시",강남구,도곡2동,-,-,-,-,-,-,-,-,-,-,-,-
"서울특별시",강남구,개포1동,-,-,-,-,-,-,-,-,-,-,-,-
"서울특별시",강남구,개포4동,-,-,-,-,-,-,-,-,-,-,-,-
"서울특별시",강남구,일원본동,-,-,-,-,-,-,-,-,-,-,-,-
"서울특별시",강남구,일원1동,-,-,-,-,-,-,-,-,-,-,-,-
"서울특별시",강남구,수서동,-,-,-,-,-,-,-,-,-,-,-,-
"서울특별시",강남구,세곡동,-,-,-,-,-,-,-,-,-,-,-,-
"서울특별시",강남구,압구정동,1,84,2059,1,84,2059,-,-,-,-,-,-
"서울특별시",강남구,청담동,1,175,2870,1,175,2870,-,-,-,-,-,-
"서울특별시",강남구,대치2동,1,549,10092,-,-,-,-,-,-,1,549,10092
"서울특별시",강남구,개포2동,1,137,6000,-,-,-,-,-,-,1,137,6000
"서울특별시",송파구,소계,8,1034,63854,1,64,3871,5,582,25375,2,388,34608
"서울특별시",송파구,풍납1동,1,140,5723,-,-,-,1,140,5723,-,-,-
"서울특별시",송파구,풍납2동,-,-,-,-,-,-,-,-,-,-,-,-
"서울특별시",송파구,거여1동,-,-,-,-,-,-,-,-,-,-,-,-
"서울특별시",송파구,거여2동,-,-,-,-,-,-,-,-,-,-,-,-
"서울특별시",송파구,마천1동,-,-,-,-,-,-,-,-,-,-,-,-
"서울특별시",송파구,마천2동,2,201,8788,1,64,3871,1,137,4917,-,-,-
"서울특별시",송파구,방이1동,-,-,-,-,-,-,-,-,-,-,-,-
"서울특별시",송파구,방이2동,1,138,7034,-,-,-,1,138,7034,-,-,-
"서울특별시",송파구,오륜동,-,-,-,-,-,-,-,-,-,-,-,-
"서울특별시",송파구,오금동,-,-,-,-,-,-,-,-,-,-,-,-
"서울특별시",송파구,송파1동,-,-,-,-,-,-,-,-,-,-,-,-
"서울특별시",송파구,송파2동,-,-,-,-,-,-,-,-,-,-,-,-
"서울특별시",송파구,석촌동,1,60,3912,-,-,-,1,60,3912,-,-,-
"서울특별시",송파구,삼전동,-,-,-,-,-,-,-,-,-,-,-,-
"서울특별시",송파구,가락본동,1,191,12608,-,-,-,-,-,-,1,191,12608
"서울특별시",송파구,가락1동,-,-,-,-,-,-,-,-,-,-,-,-
"서울특별시",송파구,가락2동,-,-,-,-,-,-,-,-,-,-,-,-
"서울특별시",송파구,문정1동,1,197,22000,-,-,-,-,-,-,1,197,22000
"서울특별시",송파구,문정2동,-,-,-,-,-,-,-,-,-,-,-,-
"서울특별시",송파구,잠실본동,1,107,3789,-,-,-,1,107,3789,-,-,-
"서울특별시",송파구,잠실4동,-,-,-,-,-,-,-,-,-,-,-,-
"서울특별시",송파구,잠실6동,-,-,-,-,-,-,-,-,-,-,-,-
"서울특별시",송파구,잠실7동,-,-,-,-,-,-,-,-,-,-,-,-
"서울특별시",송파구,잠실2동,-,-,-,-,-,-,-,-,-,-,-,-
"서울특별시",송파구,잠실3동,-,-,-,-,-,-,-,-,-,-,-,-
"서울특별시",송파구,장지동,-,-,-,-,-,-,-,-,-,-,-,-
"서울특별시",송파구,위례동,-,-,-,-,-,-,-,-,-,-,-,-
"서울특별시",강동구,소계,9,1089,49933,-,-,-,6,665,28032,3,424,21901
"서울특별시",강동구,명일1동,1,90,5146,-,-,-,1,90,5146,-,-,-
"서울특별시",강동구,명일2동,-,-,-,-,-,-,-,-,-,-,-,-
"서울특별시",강동구,고덕1동,-,-,-,-,-,-,-,-,-,-,-,-
"서울특별시",강동구,고덕2동,1,104,6699,-,-,-,-,-,-,1,104,6699
"서울특별시",강동구,암사2동,-,-,-,-,-,-,-,-,-,-,-,-
"서울특별시",강동구,암사3동,-,-,-,-,-,-,-,-,-,-,-,-
"서울특별시",강동구,천호1동,-,-,-,-,-,-,-,-,-,-,-,-
"서울특별시",강동구,천호3동,1,86,1468,-,-,-,1,86,1468,-,-,-
"서울특별시",강동구,성내1동,1,170,10111,-,-,-,-,-,-,1,170,10111
"서울특별시",강동구,성내2동,2,231,7791,-,-,-,1,81,2700,1,150,5091
"서울특별시",강동구,성내3동,1,124,4140,-,-,-,1,124,4140,-,-,-
"서울특별시",강동구,둔촌1동,-,-,-,-,-,-,-,-,-,-,-,-
"서울특별시",강동구,둔촌2동,-,-,-,-,-,-,-,-,-,-,-,-
"서울특별시",강동구,암사1동,1,121,5136,-,-,-,1,121,5136,-,-,-
"서울특별시",강동구,천호2동,-,-,-,-,-,-,-,-,-,-,-,-
"서울특별시",강동구,길동,1,163,9442,-,-,-,1,163,9442,-,-,-
"서울특별시",강동구,강일동,-,-,-,-,-,-,-,-,-,-,-,-
"서울특별시",강동구,상일1동,-,-,-,-,-,-,-,-,-,-,-,-
"서울특별시",강동구,상일2동,-,-,-,-,-,-,-,-,-,-,-,-
